candidate_id,family,definition,denominator,source_id,timing_requirement,intended_outcomes,missing_policy,hypothesis,experiment_id,status,historical_eligibility,evidence_status
STR01,strength,Ridge offense and opposing defense effects on final team points,eligible prior team-games,SCHEDULE,PIT_RESULT,scores;margin;total;win,league shrinkage,Opponent adjustment improves over league score distribution,RF-001,planned,reconstructed_historical,sampled_source_fields_only
STR02,strength,Decay prior game weights by elapsed UTC days,eligible prior games,SCHEDULE,PIT_RESULT,scores;margin;total,fixed inner-selected decay,Recent games better reflect current strength,RF-001,planned,reconstructed_historical,sampled_source_fields_only
STR03,strength,Estimated home bonus with zero at neutral sites,eligible home team-games,SCHEDULE,PIT_RESULT,scores;margin;win,unknown location excludes,Venue advantage adds score information,RF-001,planned,reconstructed_historical,sampled_source_fields_only
PASS01,passing,Prior pass EPA mean excluding no-plays and spikes with sacks included,eligible dropbacks,PBP,PIT_DERIVED,pass efficiency;scores,shrink and flag absent model vintage,Passing efficiency adds beyond scores,EFF-001,planned,reconstructed_historical,sampled_source_fields_only
PASS02,passing,Prior pass success fraction EPA greater than zero,eligible dropbacks,PBP,PIT_DERIVED,drive survival;scores,shrink by dropback count,Success complements mean efficiency,EFF-001,planned,reconstructed_historical,sampled_source_fields_only
PASS03,passing,Prior passes gaining at least 20 yards,eligible pass attempts,PBP,PIT_PAST,explosives;scores,shrink to training rate,Explosive tendency improves tails,EFF-001,planned,reconstructed_historical,sampled_source_fields_only
PASS04,passing,Prior sacks allowed per dropback,pass attempts plus sacks excluding spikes,PBP,PIT_PAST,sacks;scores,training prior for sparse QB/team,Sack avoidance captures lost drives,EFF-001,planned,reconstructed_historical,sampled_source_fields_only
RUSH01,rushing,Prior rush EPA excluding kneels with scrambles reported separately,eligible rush attempts,PBP,PIT_DERIVED,rush efficiency;scores,shrink and flag absent model vintage,Run efficiency adds to team strength,EFF-002,planned,reconstructed_historical,sampled_source_fields_only
RUSH02,rushing,Prior rushes gaining at least 10 yards,eligible non-kneel rushes,PBP,PIT_PAST,explosives;scores,shrink to training rate,Run explosive profile predicts tails,EFF-002,planned,reconstructed_historical,sampled_source_fields_only
RUSH03,rushing,Prior first-down conversions with at most two yards needed,applicable short-yardage attempts,PBP,PIT_PAST,drive survival,strong league shrinkage,Short-yardage skill adds beyond mean rushing,EFF-002,planned,reconstructed_historical,sampled_source_fields_only
DEF01,defense,Opponent-adjusted prior pass efficiency allowed,opponent eligible dropbacks,PBP,PIT_DERIVED,opponent pass efficiency;scores,training-only opponent fit,Defense adds beyond offensive averages,EFF-003,planned,reconstructed_historical,sampled_source_fields_only
DEF02,defense,Opponent-adjusted prior rush efficiency allowed,opponent eligible rushes,PBP,PIT_DERIVED,opponent rush efficiency;scores,training-only opponent fit,Run defense persists after opponent adjustment,EFF-003,planned,reconstructed_historical,sampled_source_fields_only
QB01,players,Expected QB starter probabilities from dated reports and prior role,candidate QBs per team summing to one,DEPTH;INJURY;SNAPS,PIT_LINEUP,passing;scores,unknown scenario rather than actual starter,Lineup uncertainty improves calibration,PLY-001,planned,unavailable,unverified_required_inputs
QB02,players,Shrunk prior QB completion above expectation and air-yard profile,eligible attempts with audited completion model,PBP;NGS,PIT_DERIVED,completion;pass yards,rookie training prior and quality flags,QB quality adds beyond team effects,PLY-001,planned,reconstructed_historical,mixed_sampled_and_documented_inputs
QB03,players,Prior QB rushing and scramble volume,eligible QB plays and dropbacks separately,PBP,PIT_PAST,rush yards;sacks,role-specific training prior,Mobility alters drive outcomes,PLY-001,planned,reconstructed_historical,sampled_source_fields_only
REC01,players,Expected target shares learned from prior usage and available teammates,team eligible pass targets,PLAYER_STATS;PBP;INJURY,PIT_LINEUP,targets;receiving yards,unknown lineup scenario and shrinkage,Opportunity predicts more than raw yards,PLY-002,planned,reconstructed_historical,mixed_sampled_and_documented_inputs
REC02,players,Prior receiving separation and YAC profiles,NGS eligible targets;receptions for YAC,NGS,PIT_PAST,receiving efficiency,minimum-attempt omissions unknown,Tracking aggregates add beyond usage,PLY-002,planned,reconstructed_historical,documented_sources_only
RB01,players,Expected RB carry and target shares,team eligible rushes and targets separately,PBP;PLAYER_STATS;INJURY,PIT_LINEUP,carries;targets;yards,new-role prior and lineup scenarios,Volume allocation improves player projections,PLY-003,planned,reconstructed_historical,mixed_sampled_and_documented_inputs
OL01,personnel,Prior offensive-line combination continuity and expected availability,eligible offensive snaps,PARTICIPATION;DEPTH;INJURY,PIT_LINEUP_PART,pressure;run efficiency,prior-season stale or unavailable,Continuity adds beyond team pressure,PLY-004,planned,reconstructed_historical,sampled_source_fields_only
DP01,personnel,Expected defensive unit snap shares and replacement depth,eligible defensive snaps per position,SNAPS;DEPTH;INJURY,PIT_LINEUP,pressure;coverage efficiency,unknown depth with shrinkage,Replacement quality predicts unit changes,PLY-005,planned,reconstructed_historical,sampled_source_fields_only
INJ01,availability,Public injury type and practice participation state; trajectory only with a dated report revision archive,dated report observations per player,INJURY,PIT_LINEUP,participation;opportunities,missing is unknown; trajectory unavailable without revision history,Report trajectory predicts availability,AVL-001,planned,reconstructed_historical,sampled_source_fields_only
INJ02,availability,Publicly documented restrictions and return-duration scenarios,timestamped public statements,PUBLIC_REPORTS,PIT_LINEUP,participation;efficiency,no severity inference;unknown scenario,Known restrictions improve opportunity uncertainty,AVL-002,unavailable,unavailable,unverified_required_inputs
WORK01,workload,Prior snaps carries and targets with consecutive high-use counts,eligible prior player-games,SNAPS;PBP,PIT_PAST,opportunities;exits,role-adjusted shrinkage,Workload may add beyond role without asserting fatigue,PLY-006,planned,reconstructed_historical,sampled_source_fields_only
OFF01,scheme,Situation-conditioned prior personnel and formation mix,applicable prior scrimmage plays,PARTICIPATION,PIT_PART,calls;efficiency,prior-season stale or unavailable,Package mix predicts future calls,SCH-001,planned,reconstructed_historical,sampled_source_fields_only
OFF02,scheme,Situation-conditioned motion play-action screen and RPO rates,applicable charted plays by flag,FTN_PUBLIC,PIT_FTN,calls;pass efficiency,missing charting never false,Call tendencies add beyond strength,SCH-002,planned,reconstructed_historical,sampled_source_fields_only
DEF03,scheme,Prior man-zone and coverage-family mixture,applicable charted defensive pass plays,PARTICIPATION,PIT_PART,coverage calls;completion,unknown coverage retained,Coverage mixture predicts matchup efficiency,SCH-003,planned,reconstructed_historical,sampled_source_fields_only
DEF04,pressure,Prior blitz and rusher count distributions,applicable charted dropbacks,FTN_PUBLIC;PARTICIPATION,PIT_FTN_PART,pressure;sacks,provider definitions separate,Rush mix adds beyond sacks,SCH-004,planned,reconstructed_historical,sampled_source_fields_only
DEF05,pressure,Prior provider-specific QB pressure allowed; team pressure generated only after defensive attribution joins are verified,audited dropbacks per provider,PFR_ADV;PARTICIPATION,PIT_PAST_PART,pressure;sacks;scores,sampled passing summaries do not identify blocker or defender causation,Pressure predicts efficiency beyond sack luck,EFF-004,planned,reconstructed_historical,sampled_source_fields_only
SIT01,situational,Prior down-distance and field-position conditioned conversion rates,applicable plays within condition,PBP,PIT_PAST,conversions;drives,partial pooling across sparse cells,Situation adjustment prevents misleading package rates,SIT-001,planned,reconstructed_historical,sampled_source_fields_only
SIT02,situational,Prior red-zone scoring and third/fourth-down conversion tendencies,red-zone drives and down-specific attempts,PBP,PIT_PAST,drive scoring,strong shrinkage and no target-game state,Situational skill adds beyond team efficiency,SIT-001,planned,reconstructed_historical,sampled_source_fields_only
COACH01,coaching,Prior fourth-down aggressiveness and tempo conditional on state,eligible decision plays and time intervals,PBP;PUBLIC_REPORTS,PIT_PAST_NEWS,plays;possessions;scores,coordinator change increases uncertainty,Strategy tendencies predict possession opportunities,CTX-001,planned,unavailable,unverified_required_inputs
ST01,special_teams,Prior field-goal make rate by distance,eligible field-goal attempts,PBP,PIT_PAST,kicking points,distance-based training prior,Kicking skill changes scoring probabilities,CTX-002,planned,reconstructed_historical,sampled_source_fields_only
ST02,special_teams,Prior punt kickoff and return transition profiles,eligible special-team events by type,PBP,PIT_PAST,field position;scores,era-specific shrinkage,Special teams alter starting field position,CTX-002,planned,reconstructed_historical,sampled_source_fields_only
CTX01,schedule,Rest days bye and short-week status from eligible schedules,team-game,SCHEDULE,PIT_SCHEDULE,scores;pace,unknown schedule excludes context,Rest contributes beyond team strength,CTX-003,planned,reconstructed_historical,sampled_source_fields_only
CTX02,environment,Stadium altitude surface and travel/time-zone distance proxies,team-game using dated venue metadata,SCHEDULE;VENUE_METADATA,PIT_SCHEDULE_META,pace;efficiency,unknown logistics remain unknown,Objective geography adds beyond rest,CTX-003,planned,unavailable,unverified_required_inputs
CTX03,weather,Forecast wind gusts direction temperature and precipitation at kickoff,stadium-hour with as-issued forecast,WEATHER_FORECAST,PIT_WEATHER,passing;kicking;pace,unknown forecast scenario;no observed weather,Forecast environment changes score distribution,CTX-004,planned,unavailable,unverified_required_inputs
CTX04,continuity,Dated roster/coordinator changes and shared prior snaps,eligible unit/player-games,ROSTER;PARTICIPATION;PUBLIC_REPORTS,PIT_LINEUP_PART,efficiency;uncertainty,new units shrink to training prior,Structural changes reduce relevance of old games,CTX-005,planned,unavailable,unverified_required_inputs
ERA01,era,Known schedule/overtime/kickoff rule regime and historical scoring level,eligible prior games within known era,SCHEDULE;NFL_RULES,PIT_RULES,scores;ties;pace,new regime prior without future averages,Rule regimes improve transfer across years,CTX-006,planned,unavailable,unverified_required_inputs
UNC01,measurement,Sample sizes missingness stale inputs and provider-change flags,eligible observations per component,ALL_MANIFESTS,PIT_MANIFEST,intervals;fallback,unknown explicitly encoded,Quality flags improve uncertainty and robustness,ROB-001,planned,unavailable,unverified_required_inputs
MAT01,interaction,Offense package profile by opposing defensive personnel mix,common eligible charted plays and package cells,PARTICIPATION,PIT_PART,calls;efficiency,partial pooling;no actual future packages,Opponent package interactions add beyond main effects,MAT-001,planned,reconstructed_historical,sampled_source_fields_only
MAT02,interaction,Receiver air-yard/primary-route profile by predicted coverage mixture,common eligible targets and charted passes,PBP;PARTICIPATION,PIT_PART,completion;explosives,primary route is proxy not full concept,Coverage-conditioned profiles add held-out value,MAT-002,planned,reconstructed_historical,sampled_source_fields_only
MAT03,interaction,QB pressure response by opposing blitz/rush tendencies,common applicable prior dropbacks,PFR_ADV;FTN_PUBLIC,PIT_FTN,sacks;turnovers,separate labels and partial pooling,Pressure interaction exceeds main-effect forecasts,MAT-003,planned,reconstructed_historical,sampled_source_fields_only
MAT04,interaction,Motion/play-action/RPO profile by defensive tendencies,common eligible charted plays,FTN_PUBLIC;PARTICIPATION,PIT_FTN_PART,call effectiveness,prior-season stale or reconstructed only,Call mix matters conditional on opponent usage,MAT-004,planned,reconstructed_historical,sampled_source_fields_only
MAT05,interaction,Run direction and box-count profile by opposing run strength,applicable rushes and audited charted box plays,PBP;FTN_PUBLIC,PIT_FTN,rush efficiency,run direction is not run concept,Coarse run matchups add beyond rushing main effects,MAT-005,planned,reconstructed_historical,sampled_source_fields_only
MAT06,interaction,Tempo profile by expected rotation depth and weather,eligible prior state intervals and dated context,PBP;SNAPS;DEPTH;INJURY;WEATHER_FORECAST,PIT_LINEUP_WEATHER,plays;possessions,unknown depth/weather scenarios,Depth and environment moderate tempo outcomes,MAT-006,planned,unavailable,unverified_required_inputs
DET01,individual_matchups,Receiver-corner assignment alignment shadowing and safety-help probabilities,charted assignment opportunities,RICH_CHARTING_UNVERIFIED,PIT_RICH,targets;completion;explosives,no invented assignments,Direct assignments add beyond position-group matchups,DET-001,unavailable,unavailable,unverified_required_inputs
DET02,protection,Protection slides chips blitz pickup stunts and pressure timing by line combination,charted protection/rush opportunities,RICH_CHARTING_UNVERIFIED,PIT_RICH,pressure;sacks,no blocking-quality claim from sacks alone,Assignment detail adds beyond aggregate pressure,DET-002,unavailable,unavailable,unverified_required_inputs
DET03,run_design,Zone gap power counter pulls and gap-responsibility interactions,charted run/blocking opportunities,RICH_CHARTING_UNVERIFIED,PIT_RICH,rush efficiency,coarse direction is not concept,Concept-front interactions add beyond box count,DET-003,unavailable,unavailable,unverified_required_inputs
DET04,tackling,Missed tackles pursuit angles and containment by opportunity,charted tackle opportunities,RICH_CHARTING_UNVERIFIED,PIT_RICH,YAC;rush yards,do not infer missed tackle from yards,Tackling adds beyond opponent and space,DET-004,unavailable,unavailable,unverified_required_inputs
DET05,secondary,Disguise rotations handoffs and communication-error rates,charted coverage opportunities,RICH_CHARTING_UNVERIFIED,PIT_RICH,completion;explosives,explosive play is not an observed bust,Coordination labels add beyond coverage family,DET-005,unavailable,unavailable,unverified_required_inputs
BALL01,rare_events,Prior fumble/interception generation separated from recovery and returns,eligible touches;dropbacks;loose balls separately,PBP;FTN_PUBLIC,PIT_FTN,turnovers;field position;tails,strong separate shrinkage,Generation persists more than recovery luck,RARE-001,planned,reconstructed_historical,sampled_source_fields_only
BALL02,execution,Drops interception-worthy throws and QB-fault sacks,applicable charted targets/dropbacks,FTN_PUBLIC,PIT_FTN,completion;turnovers;sacks,provider uncertainty and applicability flags,Charted execution adds beyond realized results,RARE-002,planned,reconstructed_historical,sampled_source_fields_only
BALL03,execution,Bad snaps exchanges dropped interceptions and blocked-kick causation,directly charted event opportunities,RICH_CHARTING_UNVERIFIED,PIT_RICH,turnovers;rare scores,exclude unsupported causes,Execution labels separate process from bounce luck,RARE-003,unavailable,unavailable,unverified_required_inputs
PEN01,penalties,Prior accepted declined and offsetting penalties by type and player/team,applicable prior plays by rule,PBP,PIT_PAST,drives;clock;scores,basic penalty events sampled; declined/offsetting enforcement labels and denominators unverified,Penalty rates add beyond strength,CTX-007,planned,unavailable,mixed_sampled_and_unverified_inputs
PEN02,officiating,Assigned crew tendencies adjusted for teams era and play type,eligible prior crew opportunities,PUBLIC_REPORTS;PBP,PIT_CREW,penalties;drives,unknown assignment excludes crew term,Crew associations add predictive value without motive claims,CTX-008,planned,unavailable,unverified_required_inputs
ADAPT01,adaptation,Opponent-conditioned prior strategy shifts by simulated game history,prior eligible state-conditioned plays,PBP;FTN_PUBLIC,PIT_FTN,calls;clock;scores,future actual adjustments excluded,Adaptive strategy improves over fixed mixtures,SIM-001,planned,reconstructed_historical,sampled_source_fields_only
CLOCK01,strategy,Two-minute timeouts fourth downs two-point and OT choice rates,applicable decision states under known rules,PBP;NFL_RULES,PIT_PAST_RULES,clock;possessions;ties,simulate future states;no actual sequence,Clock choices improve distribution tails,SIM-002,planned,unavailable,unverified_required_inputs
FIELD01,feedback,Possession/field-position consequences of returns penalties turnovers and scores,eligible transition events,PBP,PIT_PAST,drives;scores,explicit accounting no duplicate turnover benefit,Transition modeling improves score coherence,SIM-003,planned,reconstructed_historical,sampled_source_fields_only
EXIT01,availability,Exit substitution and backup-insertion probabilities,labeled prior exposure opportunities,RICH_CHARTING_UNVERIFIED;PUBLIC_REPORTS,PIT_RICH,participation;opportunities;tails,future actual exit never pre-game input,Uncertain exits improve tails when labels support fitting,SIM-004,unavailable,unavailable,unverified_required_inputs
STAKES01,context,Mathematically known standings stakes and dated resting-starter plans,team-game using eligible prior results,SCHEDULE;PUBLIC_REPORTS,PIT_PAST_NEWS,participation;scores,unknown plans no motivation weight,Objective stakes add beyond strength and rest,CTX-009,planned,unavailable,unverified_required_inputs
ENV02,environment,Roof-decision crowd/noise field-condition and wind-orientation scenarios,dated stadium/game observations,PUBLIC_REPORTS;WEATHER_FORECAST;VENUE_METADATA,PIT_WEATHER_NEWS,communication;kicking;efficiency,unknown scenarios no realized conditions,Detailed environment adds beyond basic weather,CTX-010,planned,unavailable,unverified_required_inputs
PREP01,preparation,Bye opportunity familiarity rematches and dated coordinator continuity,eligible prior meetings and public changes,SCHEDULE;PUBLIC_REPORTS,PIT_PAST_NEWS,strategy;efficiency,no private scouting effort assumptions,Objective preparation proxies add beyond rest,CTX-011,planned,unavailable,unverified_required_inputs
MARKET01,market_lane,Same-cutoff devigged paired sportsbook probabilities,paired sides for same book/market/time,ODDS_API,PIT_ODDS,win;cover;total,missing odds excluded from common subset,Market-assisted challenger adds beyond quoted probability,MKT-001,planned,unavailable,unverified_required_inputs
MARKET02,market_lane,Saved prediction-market BBO midpoint aligned with payoff rules,same-time valid bid and ask,VENUE_SNAPSHOTS,PIT_ODDS,contract outcome,missing empty or stale quote stays unknown,Football model adds information beyond venue price,MKT-002,planned,unavailable,unverified_required_inputs
